-- The data here is dummy and not real
-- Create 'students' table
CREATE TABLE students (
    student_id INT PRIMARY KEY,
    student_name VARCHAR(50),
    major VARCHAR(50)
);

-- Create 'courses' table
CREATE TABLE courses (
    course_id INT PRIMARY KEY,
    course_name VARCHAR(100),
    department VARCHAR(50)
);

-- Create 'enrollments' table with IDENTITY column for auto-incrementing primary key
CREATE TABLE enrollments (
    enrollment_id INT IDENTITY(1,1) PRIMARY KEY,
    student_id INT,
    course_id INT,
    grade DECIMAL(5,2),
    CONSTRAINT FK_enrollments_students FOREIGN KEY (student_id) REFERENCES students(student_id),
    CONSTRAINT FK_enrollments_courses FOREIGN KEY (course_id) REFERENCES courses(course_id)
);


-- Populate 'students' table
INSERT INTO students (student_id, student_name, major) VALUES
(1, 'Alice Johnson', 'Computer Science'),
(2, 'Bob Smith', 'Mathematics'),
(3, 'Cathy Brown', 'Computer Science'),
(4, 'David Wilson', 'History'),
(5, 'Eva Martinez', 'Physics'),
(6, 'Frank Wright', 'Computer Science'),
(7, 'Grace Lee', 'Biology'),
(8, 'Hank Green', 'Mathematics'),
(9, 'Ivy Scott', 'Computer Science'),
(10, 'Jack White', 'Physics'),
(11, 'Karen Turner', 'History'),
(12, 'Leo Adams', 'Biology'),
(13, 'Mia Clark', 'Mathematics'),
(14, 'Nate Lewis', 'Computer Science'),
(15, 'Olivia Young', 'Physics'),
(16, 'Paul Walker', 'Computer Science'),
(17, 'Quinn Hall', 'Biology'),
(18, 'Rachel Allen', 'History'),
(19, 'Sam Harris', 'Mathematics'),
(20, 'Tina Nelson', 'Computer Science'),
(21, 'Uma King', 'Physics'),
(22, 'Victor Wright', 'Biology'),
(23, 'Wendy Lopez', 'History'),
(24, 'Xander Hughes', 'Mathematics'),
(25, 'Yara Campbell', 'Computer Science'),
(26, 'Zachary Evans', 'Physics'),
(27, 'Amy Brooks', 'Mathematics'),
(28, 'Brian Young', 'Computer Science'),
(29, 'Cara Morgan', 'Biology'),
(30, 'Derek Price', 'Physics');

-- Populate 'courses' table
INSERT INTO courses (course_id, course_name, department) VALUES
(1, 'Introduction to Programming', 'Computer Science'),
(2, 'Advanced Algebra', 'Mathematics'),
(3, 'Data Structures', 'Computer Science'),
(4, 'Modern History', 'History'),
(5, 'Quantum Mechanics', 'Physics'),
(6, 'Genetics', 'Biology'),
(7, 'Calculus I', 'Mathematics'),
(8, 'Operating Systems', 'Computer Science'),
(9, 'Environmental Biology', 'Biology'),
(10, 'Linear Algebra', 'Mathematics'),
(11, 'American History', 'History'),
(12, 'Thermodynamics', 'Physics'),
(13, 'Algorithms', 'Computer Science'),
(14, 'Microbiology', 'Biology'),
(15, 'Differential Equations', 'Mathematics'),
(16, 'Database Systems', 'Computer Science'),
(17, 'Classical Mechanics', 'Physics'),
(18, 'Evolutionary Biology', 'Biology'),
(19, 'Number Theory', 'Mathematics'),
(20, 'Computer Networks', 'Computer Science'),
(21, 'Biochemistry', 'Biology'),
(22, 'Philosophy of Science', 'History'),
(23, 'Astrophysics', 'Physics'),
(24, 'Software Engineering', 'Computer Science'),
(25, 'Molecular Biology', 'Biology'),
(26, 'Topology', 'Mathematics'),
(27, 'Artificial Intelligence', 'Computer Science'),
(28, 'Cognitive Science', 'Biology'),
(29, 'Ethics', 'History'),
(30, 'Particle Physics', 'Physics');

-- Populate 'enrollments' table: Assign each student 1-2 enrollments, and randomly mix courses and grades
INSERT INTO enrollments (student_id, course_id, grade) VALUES
(1, 1, 87.5),
(1, 3, 78.0),
(2, 2, 89.2),
(2, 7, 74.5),
(3, 1, 93.6),
(3, 13, 83.2),
(4, 4, 76.1),
(4, 11, 81.0),
(5, 5, 84.3),
(5, 12, 72.8),
(6, 3, 91.0),
(6, 8, 88.4),
(7, 6, 80.2),
(7, 9, 86.4),
(8, 10, 77.0),
(8, 19, 84.6),
(9, 13, 92.5),
(9, 20, 75.8),
(10, 5, 71.0),
(10, 17, 81.6),
(11, 11, 84.0),
(11, 29, 67.3),
(12, 6, 82.2),
(12, 14, 75.9),
(13, 2, 75.4),
(13, 10, 88.6),
(14, 8, 79.0),
(14, 16, 91.4),
(15, 12, 80.7),
(15, 23, 85.2),
(16, 16, 83.2),
(16, 20, 89.9),
(17, 21, 78.6),
(17, 25, 84.1),
(18, 18, 73.2),
(18, 22, 70.4),
(19, 19, 88.8),
(19, 26, 77.1),
(20, 1, 80.3),
(20, 24, 86.6),
(21, 5, 83.0),
(21, 30, 89.2),
(22, 9, 80.7),
(22, 18, 83.5),
(23, 22, 72.8),
(23, 4, 83.1),
(24, 10, 77.9),
(24, 26, 88.4),
(25, 13, 91.1),
(25, 27, 84.7),
(26, 12, 66.6),
(26, 17, 79.3),
(27, 2, 84.4),
(27, 15, 71.2),
(28, 13, 88.0),
(28, 16, 83.5),
(29, 9, 86.1),
(29, 28, 71.7),
(30, 17, 74.9),
(30, 30, 88.3);
